Tribe_Name,Total_Intersecting_Deposits
Annette Island Reserve,82
Hydaburg ANVSA,56
San Carlos Reservation,54
Shakopee Mdewakanton Sioux Community and Off-Reservation Trust Land,52
Tanana ANVSA,52
Tohono O'odham Nation Reservation and Off-Reservation Trust Land,52
Wales ANVSA,48
Pascua Pueblo Yaqui Reservation and Off-Reservation Trust Land,46
Ely Reservation,42
Manley Hot Springs ANVSA,42
Winnemucca Indian Colony,42
Brevig Mission ANVSA,38
Teller ANVSA,34
Fort Hall Reservation and Off-Reservation Trust Land,32
Ketchikan ANVSA,28
Kootenai Reservation and Off-Reservation Trust Land,28
Pine Ridge Reservation,28
Rampart ANVSA,26
Ruby ANVSA,26
Skull Valley Reservation,25
Benton Paiute Reservation and Off-Reservation Trust Land,24
Bishop Reservation,24
Elim ANVSA,22
Golovin ANVSA,22
Saxman ANVSA,20
Big Pine Reservation and Off-Reservation Trust Land,18
Fort Apache Reservation,18
Hualapai Indian Reservation and Off-Reservation Trust Land,18
Timbi-Sha Shoshone Reservation and Off-Reservation Trust Land,18
Koyuk ANVSA,16
Spokane Reservation and Off-Reservation Trust Land,16
Fond du Lac Reservation and Off-Reservation Trust Land,14
Kalispel Reservation and Off-Reservation Trust Land,14
Mille Lacs Reservation and Off-Reservation Trust Land,14
Bois Forte Reservation and Off-Reservation Trust Land,12
Fort McDermitt Indian Reservation,12
Fort Mojave Reservation and Off-Reservation Trust Land,12
Inalik ANVSA,12
Nome ANVSA,12
Poarch Creek Reservation and Off-Reservation Trust Land,12
Torres-Martinez Reservation and Off-Reservation Trust Land,12
Walker River Reservation,12
White Mountain ANVSA,12
Cabazon Reservation,10
Coeur d'Alene Reservation,10
Council ANVSA,10
Fallon Paiute-Shoshone Colony and Off-Reservation Trust Land,10
Karuk Reservation and Off-Reservation Trust Land,10
Mary's Igloo ANVSA,10
Northern Cheyenne Indian Reservation and Off-Reservation Trust Land,10
Picuris Pueblo,10
Pyramid Lake Paiute Reservation,10
Reno-Sparks Indian Colony and Off-Reservation Trust Land,10
Smith River Rancheria and Off-Reservation Trust Land,10
Agua Caliente Indian Reservation and Off-Reservation Trust Land,8
Augustine Reservation,8
Chilkoot ANVSA,8
Crooked Creek ANVSA,8
Duckwater Reservation,8
Minnesota Chippewa Trust Land,8
Navajo Nation Reservation and Off-Reservation Trust Land,8
New Koliganek ANVSA,8
Paiute (UT) Reservation,8
Pueblo of Pojoaque and Off-Reservation Trust Land,8
Taos Pueblo and Off-Reservation Trust Land,8
Tesuque Pueblo and Off-Reservation Trust Land,8
Tule River Reservation and Off-Reservation Trust Land,8
Twenty-Nine Palms Reservation and Off-Reservation Trust Land,8
Wrangell ANVSA,8
Battle Mountain Reservation and Off-Reservation Trust Land,6
Beaver Creek SDTSA,6
Colville Reservation and Off-Reservation Trust Land,6
Craig ANVSA,6
Elk Valley Rancheria and Off-Reservation Trust Land,6
Georgetown ANVSA,6
Gila River Indian Reservation,6
Haliwa-Saponi SDTSA,6
Isleta Pueblo,6
Jemez Pueblo,6
Kasaan ANVSA,6
Kobuk ANVSA,6
L'Anse Reservation and Off-Reservation Trust Land,6
Nez Perce Reservation,6
Pueblo de Cochiti,6
Sac and Fox Nation Reservation and Off-Reservation Trust Land,6
San Felipe Pueblo,6
San Felipe Pueblo/Santa Ana Pueblo joint-use area,6
San Felipe Pueblo/Santo Domingo Pueblo joint-use area,6
San Ildefonso Pueblo and Off-Reservation Trust Land,6
Sandia Pueblo and Off-Reservation Trust Land,6
Santa Ana Pueblo,6
Santo Domingo Pueblo,6
Sappony SDTSA,6
Sault Ste. Marie Reservation and Off-Reservation Trust Land,6
Shungnak ANVSA,6
Yomba Reservation,6
Ysleta del Sur Pueblo and Off-Reservation Trust Land,6
Yurok Reservation,6
Zia Pueblo and Off-Reservation Trust Land,6
Ambler ANVSA,4
Big Sandy Rancheria and Off-Reservation Trust Land,4
Catawba Reservation and Off-Reservation Trust Land,4
Circle ANVSA,4
Cold Springs Rancheria,4
Coquille Reservation and Off-Reservation Trust Land,4
Cow Creek Reservation,4
Crow Reservation and Off-Reservation Trust Land,4
Eastern Cherokee Reservation,4
Fort Hall,4
Healy Lake ANVSA,4
Hoonah ANVSA,4
Huslia ANVSA,4
Iliamna ANVSA,4
Klawock ANVSA,4
Knik ANVSA,4
Mescalero,4
Napaimute ANVSA,4
New Stuyahok ANVSA,4
Newhalen ANVSA,4
Nondalton ANVSA,4
North Fork Rancheria and Off-Reservation Trust Land,4
Oneida Indian Nation Reservation,4
Petersburg ANVSA,4
Picayune Rancheria and Off-Reservation Trust Land,4
Port Alsworth ANVSA,4
Ramapough SDTSA,4
Red Devil ANVSA,4
Resighini Rancheria,4
San Manuel Reservation,4
Solomon ANVSA,4
Tanacross ANVSA,4
Tetlin ANVSA,4
Wind River Reservation and Off-Reservation Trust Land,4
Angoon ANVSA,2
Aniak ANVSA,2
Canyon Village ANVSA,2
Chemehuevi Reservation,2
Chickaloon,2
Chickaloon ANVSA,2
Chilkat ANVSA,2
Chuathbaluk ANVSA,2
Colorado River Indian Reservation,2
Colville,2
Dillingham ANVSA,2
Dot Lake ANVSA,2
Douglas ANVSA,2
Ekwok ANVSA,2
Elim,2
Flathead Reservation,2
Fort Independence Reservation,2
Fort Pierce Reservation,2
Goshute Reservation,2
Igiugig ANVSA,2
Jicarilla Apache Nation Reservation and Off-Reservation Trust Land,2
Levelock ANVSA,2
Lime Village ANVSA,2
Manley Hot Springs,2
Mescalero Reservation,2
Naknek ANVSA,2
Nambe Pueblo and Off-Reservation Trust Land,2
Napaimute,2
Nikolai ANVSA,2
Ohkay Owingeh,2
Portage Creek ANVSA,2
Rocky Boy's,2
Santa Clara Pueblo and Off-Reservation Trust Land,2
Shageluk ANVSA,2
Shishmaref ANVSA,2
Sleetmute ANVSA,2
Stevens Village ANVSA,2
Takotna ANVSA,2
Tohono O'odham Nation,2
