Commodity,Total_Deposits,On_Tribal_Land,Within_35mi_Buffer,Pct_On_Tribal_Land,Pct_Within_35mi,Pct_Any_Proximity
rare earth elements,482,12,200,2.49,41.49,43.98
tungsten,436,4,214,0.92,49.08,50
copper,429,8,263,1.86,61.31,63.17
gold,409,4,280,0.98,68.46,69.44
silver,361,6,236,1.66,65.37,67.03
tin,304,2,226,0.66,74.34,75
molybdenum,256,4,155,1.56,60.55,62.11
thorium,226,0,130,0,57.52,57.52
uranium,212,0,140,0,66.04,66.04
rhenium,178,2,118,1.12,66.29,67.41
niobium,152,0,94,0,61.84,61.84
zinc,144,2,92,1.39,63.89,65.28
cobalt,142,0,54,0,38.03,38.03
iron,134,2,30,1.49,22.39,23.88
lead,131,2,83,1.53,63.36,64.89
lithium,108,0,62,0,57.41,57.41
zirconium,104,4,72,3.85,69.23,73.08
nickel,94,0,46,0,48.94,48.94
titanium,94,2,44,2.13,46.81,48.94
beryllium,88,0,58,0,65.91,65.91
phosphate,78,4,32,5.13,41.03,46.16
tantalum,66,0,40,0,60.61,60.61
zircon,62,2,8,3.23,12.9,16.13
rare-earth elements,60,0,40,0,66.67,66.67
bromine,56,0,0,0,0,0
yttrium,50,0,36,0,72,72
manganese,40,0,16,0,40,40
ilmenite,34,0,4,0,11.76,11.76
hafnium,32,0,10,0,31.25,31.25
palladium,32,0,32,0,100,100
platinum,32,0,32,0,100,100
vanadium,32,0,12,0,37.5,37.5
graphite,30,0,12,0,40,40
mica,30,0,26,0,86.67,86.67
platinum-group elements,30,0,14,0,46.67,46.67
arsenic,28,0,18,0,64.29,64.29
rutile,28,0,2,0,7.14,7.14
tellurium,26,0,12,0,46.15,46.15
feldspar,24,0,22,0,91.67,91.67
osmium,24,0,24,0,100,100
fluorine,22,2,14,9.09,63.64,72.73
gallium,22,0,8,0,36.36,36.36
potassium,22,0,10,0,45.45,45.45
antimony,20,0,4,0,20,20
bismuth,20,0,10,0,50,50
chromium,20,0,6,0,30,30
magnesium,18,0,2,0,11.11,11.11
scandium,18,0,6,0,33.33,33.33
sodium,18,0,6,0,33.33,33.33
garnet,16,0,8,0,50,50
selenium,16,0,8,0,50,50
heavy minerals,14,0,4,0,28.57,28.57
sulfuric acid,14,0,6,0,42.86,42.86
turquoise,14,0,10,0,71.43,71.43
aluminum,12,0,0,0,0,0
cadmium,12,0,4,0,33.33,33.33
barium,10,0,4,0,40,40
boron,10,0,6,0,60,60
indium,10,0,8,0,80,80
sulfur,10,0,0,0,0,0
asbestos,8,0,6,0,75,75
barite,8,0,0,0,0,0
cerium,8,0,6,0,75,75
germanium,8,0,8,0,100,100
lanthanum,8,0,6,0,75,75
silica,8,0,6,0,75,75
phosphorus,6,0,0,0,0,0
salt,6,0,0,0,0,0
strontium,6,0,6,0,100,100
titanium minerals,6,0,4,0,66.67,66.67
chlorine,4,0,0,0,0,0
fluorspar,4,0,4,0,100,100
gravel,4,0,0,0,0,0
magnetite,4,0,0,0,0,0
mercury,4,0,4,0,100,100
nickel cobalt,4,0,0,0,0,0
perlite,4,0,2,0,50,50
phosphorus pentoxide,4,0,4,0,100,100
pyrite,4,0,0,0,0,0
quartz,4,0,2,0,50,50
samarium,4,0,4,0,100,100
sand,4,0,0,0,0,0
sulfate of potash,4,0,0,0,0,0
zeolites,4,0,2,0,50,50
alunite,2,0,2,0,100,100
bauxite,2,0,0,0,0,0
borates,2,0,2,0,100,100
borax,2,0,0,0,0,0
calcium,2,0,2,0,100,100
cesium,2,0,2,0,100,100
chloride,2,0,2,0,100,100
coal,2,0,2,0,100,100
"copper, molybdenum",2,0,0,0,0,0
fluorite,2,0,0,0,0,0
kyanite,2,0,2,0,100,100
leucoxene,2,0,0,0,0,0
limestone,2,0,0,0,0,0
lithium carbonate,2,0,2,0,100,100
monazite,2,0,0,0,0,0
nepheline syenite,2,0,2,0,100,100
platinum group elements,2,0,0,0,0,0
potash,2,0,2,0,100,100
pumice,2,0,2,0,100,100
pyrophyllite,2,0,2,0,100,100
radium,2,0,0,0,0,0
rubidium,2,0,2,0,100,100
"silica, tungsten",2,0,2,0,100,100
sodium chloride,2,0,2,0,100,100
staurolite,2,0,0,0,0,0
titanium product,2,0,0,0,0,0
vermiculite,2,0,0,0,0,0
xenotime,2,0,0,0,0,0
